{"total_energy":21.289816217652955,"power_avg":0.12825190492562022,"duration":5.533333333333333}