{"total_energy":27.139012366874994,"power_avg":0.12741320360035208,"duration":7.1}