{"total_energy":25.42801101480324,"power_avg":0.12907619804468648,"duration":6.566666666666666}