{"total_energy":91.08859253229295,"power_avg":0.12757505956903775,"duration":23.8}