{"total_energy":25.124055461454386,"power_avg":0.12818395643599176,"duration":6.533333333333333}