{"total_energy":26.286557517735154,"power_avg":0.12822710984261051,"duration":6.833333333333333}