{"total_energy":24.106720183285077,"power_avg":0.12822723501747382,"duration":6.266666666666667}