{"total_energy":104.08165964412689,"power_avg":3.7172021301473888,"duration":28}