{"total_energy":23.209520830424612,"power_avg":0.12822939685317467,"duration":6.033333333333333}