{"total_energy":27.555941441949194,"power_avg":0.127573802971987,"duration":7.2}