{"total_energy":26.28294224924245,"power_avg":0.12820947438654853,"duration":6.833333333333333}