{"total_energy":70.36610276629123,"power_avg":0.12770617561940334,"duration":18.366666666666667}