{"total_energy":26.747552261416104,"power_avg":0.12736929648293382,"duration":7}