{"total_energy":90.332798183608,"power_avg":0.12758869799944633,"duration":23.6}