{"total_energy":25.133398192874594,"power_avg":0.12823162343303365,"duration":6.533333333333333}