{"total_energy":67.96870377988014,"power_avg":0.12776072139075215,"duration":17.733333333333334}