{"total_energy":44.25432225663656,"power_avg":0.12790266548160856,"duration":11.533333333333333}