{"total_energy":24.867918176809937,"power_avg":0.12818514524128832,"duration":6.466666666666667}