{"total_energy":91.55919537235893,"power_avg":0.12769762255559125,"duration":23.9}