{"total_energy":43.113955959296234,"power_avg":0.1279345874163093,"duration":11.233333333333333}