{"total_energy":23.85102810869217,"power_avg":0.12823133391769984,"duration":6.2}