{"total_energy":28.444706272443113,"power_avg":0.12755473664772696,"duration":7.433333333333334}