{"total_energy":25.989285644070293,"power_avg":0.12739845903956026,"duration":6.8}