{"total_energy":27.912723023684816,"power_avg":0.1274553562725334,"duration":7.3}