{"total_energy":24.74123639472326,"power_avg":0.12819293468768528,"duration":6.433333333333334}