{"total_energy":27.644874215308818,"power_avg":0.12739573371110055,"duration":7.233333333333333}