{"total_energy":25.385419106674203,"power_avg":0.12820918740744547,"duration":6.6}