{"total_energy":92.78277216288244,"power_avg":0.12762417078800886,"duration":24.233333333333334}