{"total_energy":68.91575748406247,"power_avg":0.1276217731186342,"duration":18}