{"total_energy":24.991330919233953,"power_avg":0.12816067138068693,"duration":6.5}